id,place_id,image_url,sort_order,image_type
1,1,NULL - to be sourced from Wikimedia Commons/official site,1,Gallery
2,1,NULL - to be sourced from Wikimedia Commons/official site,2,Gallery
3,2,NULL - to be sourced from Wikimedia Commons/official site,1,Gallery
4,2,NULL - to be sourced from Wikimedia Commons/official site,2,Gallery
5,3,NULL - to be sourced from Wikimedia Commons/official site,1,Gallery
6,3,NULL - to be sourced from Wikimedia Commons/official site,2,Gallery
7,4,NULL - to be sourced from Wikimedia Commons/official site,1,Gallery
8,4,NULL - to be sourced from Wikimedia Commons/official site,2,Gallery
9,5,NULL - to be sourced from Wikimedia Commons/official site,1,Gallery
10,5,NULL - to be sourced from Wikimedia Commons/official site,2,Gallery
11,6,NULL - to be sourced from Wikimedia Commons/official site,1,Gallery
12,6,NULL - to be sourced from Wikimedia Commons/official site,2,Gallery
13,7,NULL - to be sourced from Wikimedia Commons/official site,1,Gallery
14,7,NULL - to be sourced from Wikimedia Commons/official site,2,Gallery
15,8,NULL - to be sourced from Wikimedia Commons/official site,1,Gallery
16,8,NULL - to be sourced from Wikimedia Commons/official site,2,Gallery
17,9,NULL - to be sourced from Wikimedia Commons/official site,1,Gallery
18,9,NULL - to be sourced from Wikimedia Commons/official site,2,Gallery
19,10,NULL - to be sourced from Wikimedia Commons/official site,1,Gallery
20,10,NULL - to be sourced from Wikimedia Commons/official site,2,Gallery
21,11,NULL - to be sourced from Wikimedia Commons/official site,1,Gallery
22,11,NULL - to be sourced from Wikimedia Commons/official site,2,Gallery
23,12,NULL - to be sourced from Wikimedia Commons/official site,1,Gallery
24,12,NULL - to be sourced from Wikimedia Commons/official site,2,Gallery
25,13,NULL - to be sourced from Wikimedia Commons/official site,1,Gallery
26,13,NULL - to be sourced from Wikimedia Commons/official site,2,Gallery
27,14,NULL - to be sourced from Wikimedia Commons/official site,1,Gallery
28,14,NULL - to be sourced from Wikimedia Commons/official site,2,Gallery
29,15,NULL - to be sourced from Wikimedia Commons/official site,1,Gallery
30,15,NULL - to be sourced from Wikimedia Commons/official site,2,Gallery
31,16,NULL - to be sourced from Wikimedia Commons/official site,1,Gallery
32,16,NULL - to be sourced from Wikimedia Commons/official site,2,Gallery
33,17,NULL - to be sourced from Wikimedia Commons/official site,1,Gallery
34,17,NULL - to be sourced from Wikimedia Commons/official site,2,Gallery
35,18,NULL - to be sourced from Wikimedia Commons/official site,1,Gallery
36,18,NULL - to be sourced from Wikimedia Commons/official site,2,Gallery
37,19,NULL - to be sourced from Wikimedia Commons/official site,1,Gallery
38,19,NULL - to be sourced from Wikimedia Commons/official site,2,Gallery
39,20,NULL - to be sourced from Wikimedia Commons/official site,1,Gallery
40,20,NULL - to be sourced from Wikimedia Commons/official site,2,Gallery
41,21,NULL - to be sourced from Wikimedia Commons/official site,1,Gallery
42,21,NULL - to be sourced from Wikimedia Commons/official site,2,Gallery
43,22,NULL - to be sourced from Wikimedia Commons/official site,1,Gallery
44,22,NULL - to be sourced from Wikimedia Commons/official site,2,Gallery
45,23,NULL - to be sourced from Wikimedia Commons/official site,1,Gallery
46,23,NULL - to be sourced from Wikimedia Commons/official site,2,Gallery
47,24,NULL - to be sourced from Wikimedia Commons/official site,1,Gallery
48,24,NULL - to be sourced from Wikimedia Commons/official site,2,Gallery
49,25,NULL - to be sourced from Wikimedia Commons/official site,1,Gallery
50,25,NULL - to be sourced from Wikimedia Commons/official site,2,Gallery
51,26,NULL - to be sourced from Wikimedia Commons/official site,1,Gallery
52,26,NULL - to be sourced from Wikimedia Commons/official site,2,Gallery
53,27,NULL - to be sourced from Wikimedia Commons/official site,1,Gallery
54,27,NULL - to be sourced from Wikimedia Commons/official site,2,Gallery
55,28,NULL - to be sourced from Wikimedia Commons/official site,1,Gallery
56,28,NULL - to be sourced from Wikimedia Commons/official site,2,Gallery
57,29,NULL - to be sourced from Wikimedia Commons/official site,1,Gallery
58,29,NULL - to be sourced from Wikimedia Commons/official site,2,Gallery
59,30,NULL - to be sourced from Wikimedia Commons/official site,1,Gallery
60,30,NULL - to be sourced from Wikimedia Commons/official site,2,Gallery
61,31,NULL - to be sourced from Wikimedia Commons/official site,1,Gallery
62,31,NULL - to be sourced from Wikimedia Commons/official site,2,Gallery
63,32,NULL - to be sourced from Wikimedia Commons/official site,1,Gallery
64,32,NULL - to be sourced from Wikimedia Commons/official site,2,Gallery
65,33,NULL - to be sourced from Wikimedia Commons/official site,1,Gallery
66,33,NULL - to be sourced from Wikimedia Commons/official site,2,Gallery
67,34,NULL - to be sourced from Wikimedia Commons/official site,1,Gallery
68,34,NULL - to be sourced from Wikimedia Commons/official site,2,Gallery
69,35,NULL - to be sourced from Wikimedia Commons/official site,1,Gallery
70,35,NULL - to be sourced from Wikimedia Commons/official site,2,Gallery
71,36,NULL - to be sourced from Wikimedia Commons/official site,1,Gallery
72,36,NULL - to be sourced from Wikimedia Commons/official site,2,Gallery
73,37,NULL - to be sourced from Wikimedia Commons/official site,1,Gallery
74,37,NULL - to be sourced from Wikimedia Commons/official site,2,Gallery
75,38,NULL - to be sourced from Wikimedia Commons/official site,1,Gallery
76,38,NULL - to be sourced from Wikimedia Commons/official site,2,Gallery
77,39,NULL - to be sourced from Wikimedia Commons/official site,1,Gallery
78,39,NULL - to be sourced from Wikimedia Commons/official site,2,Gallery
79,40,NULL - to be sourced from Wikimedia Commons/official site,1,Gallery
80,40,NULL - to be sourced from Wikimedia Commons/official site,2,Gallery
81,41,NULL - to be sourced from Wikimedia Commons/official site,1,Gallery
82,41,NULL - to be sourced from Wikimedia Commons/official site,2,Gallery
83,42,NULL - to be sourced from Wikimedia Commons/official site,1,Gallery
84,42,NULL - to be sourced from Wikimedia Commons/official site,2,Gallery
85,43,NULL - to be sourced from Wikimedia Commons/official site,1,Gallery
86,43,NULL - to be sourced from Wikimedia Commons/official site,2,Gallery
87,44,NULL - to be sourced from Wikimedia Commons/official site,1,Gallery
88,44,NULL - to be sourced from Wikimedia Commons/official site,2,Gallery
89,45,NULL - to be sourced from Wikimedia Commons/official site,1,Gallery
90,45,NULL - to be sourced from Wikimedia Commons/official site,2,Gallery
91,46,NULL - to be sourced from Wikimedia Commons/official site,1,Gallery
92,46,NULL - to be sourced from Wikimedia Commons/official site,2,Gallery
93,47,NULL - to be sourced from Wikimedia Commons/official site,1,Gallery
94,47,NULL - to be sourced from Wikimedia Commons/official site,2,Gallery
95,48,NULL - to be sourced from Wikimedia Commons/official site,1,Gallery
96,48,NULL - to be sourced from Wikimedia Commons/official site,2,Gallery
97,49,NULL - to be sourced from Wikimedia Commons/official site,1,Gallery
98,49,NULL - to be sourced from Wikimedia Commons/official site,2,Gallery
99,50,NULL - to be sourced from Wikimedia Commons/official site,1,Gallery
100,50,NULL - to be sourced from Wikimedia Commons/official site,2,Gallery
101,51,NULL - to be sourced from Wikimedia Commons/official site,1,Gallery
102,51,NULL - to be sourced from Wikimedia Commons/official site,2,Gallery
103,52,NULL - to be sourced from Wikimedia Commons/official site,1,Gallery
104,52,NULL - to be sourced from Wikimedia Commons/official site,2,Gallery
105,53,NULL - to be sourced from Wikimedia Commons/official site,1,Gallery
106,53,NULL - to be sourced from Wikimedia Commons/official site,2,Gallery
107,54,NULL - to be sourced from Wikimedia Commons/official site,1,Gallery
108,54,NULL - to be sourced from Wikimedia Commons/official site,2,Gallery
109,55,NULL - to be sourced from Wikimedia Commons/official site,1,Gallery
110,55,NULL - to be sourced from Wikimedia Commons/official site,2,Gallery
111,56,NULL - to be sourced from Wikimedia Commons/official site,1,Gallery
112,56,NULL - to be sourced from Wikimedia Commons/official site,2,Gallery
113,57,NULL - to be sourced from Wikimedia Commons/official site,1,Gallery
114,57,NULL - to be sourced from Wikimedia Commons/official site,2,Gallery
115,58,NULL - to be sourced from Wikimedia Commons/official site,1,Gallery
116,58,NULL - to be sourced from Wikimedia Commons/official site,2,Gallery
117,59,NULL - to be sourced from Wikimedia Commons/official site,1,Gallery
118,59,NULL - to be sourced from Wikimedia Commons/official site,2,Gallery
119,60,NULL - to be sourced from Wikimedia Commons/official site,1,Gallery
120,60,NULL - to be sourced from Wikimedia Commons/official site,2,Gallery
121,61,NULL - to be sourced from Wikimedia Commons/official site,1,Gallery
122,61,NULL - to be sourced from Wikimedia Commons/official site,2,Gallery
123,62,NULL - to be sourced from Wikimedia Commons/official site,1,Gallery
124,62,NULL - to be sourced from Wikimedia Commons/official site,2,Gallery
125,63,NULL - to be sourced from Wikimedia Commons/official site,1,Gallery
126,63,NULL - to be sourced from Wikimedia Commons/official site,2,Gallery
127,64,NULL - to be sourced from Wikimedia Commons/official site,1,Gallery
128,64,NULL - to be sourced from Wikimedia Commons/official site,2,Gallery
129,65,NULL - to be sourced from Wikimedia Commons/official site,1,Gallery
130,65,NULL - to be sourced from Wikimedia Commons/official site,2,Gallery
131,66,NULL - to be sourced from Wikimedia Commons/official site,1,Gallery
132,66,NULL - to be sourced from Wikimedia Commons/official site,2,Gallery
133,67,NULL - to be sourced from Wikimedia Commons/official site,1,Gallery
134,67,NULL - to be sourced from Wikimedia Commons/official site,2,Gallery
135,68,NULL - to be sourced from Wikimedia Commons/official site,1,Gallery
136,68,NULL - to be sourced from Wikimedia Commons/official site,2,Gallery
137,69,NULL - to be sourced from Wikimedia Commons/official site,1,Gallery
138,69,NULL - to be sourced from Wikimedia Commons/official site,2,Gallery
139,70,NULL - to be sourced from Wikimedia Commons/official site,1,Gallery
140,70,NULL - to be sourced from Wikimedia Commons/official site,2,Gallery
141,71,NULL - to be sourced from Wikimedia Commons/official site,1,Gallery
142,71,NULL - to be sourced from Wikimedia Commons/official site,2,Gallery
143,72,NULL - to be sourced from Wikimedia Commons/official site,1,Gallery
144,72,NULL - to be sourced from Wikimedia Commons/official site,2,Gallery
145,73,NULL - to be sourced from Wikimedia Commons/official site,1,Gallery
146,73,NULL - to be sourced from Wikimedia Commons/official site,2,Gallery
147,74,NULL - to be sourced from Wikimedia Commons/official site,1,Gallery
148,74,NULL - to be sourced from Wikimedia Commons/official site,2,Gallery
149,75,NULL - to be sourced from Wikimedia Commons/official site,1,Gallery
150,75,NULL - to be sourced from Wikimedia Commons/official site,2,Gallery
151,76,NULL - to be sourced from Wikimedia Commons/official site,1,Gallery
152,76,NULL - to be sourced from Wikimedia Commons/official site,2,Gallery
153,77,NULL - to be sourced from Wikimedia Commons/official site,1,Gallery
154,77,NULL - to be sourced from Wikimedia Commons/official site,2,Gallery
155,78,NULL - to be sourced from Wikimedia Commons/official site,1,Gallery
156,78,NULL - to be sourced from Wikimedia Commons/official site,2,Gallery
157,79,NULL - to be sourced from Wikimedia Commons/official site,1,Gallery
158,79,NULL - to be sourced from Wikimedia Commons/official site,2,Gallery
159,80,NULL - to be sourced from Wikimedia Commons/official site,1,Gallery
160,80,NULL - to be sourced from Wikimedia Commons/official site,2,Gallery
161,81,NULL - to be sourced from Wikimedia Commons/official site,1,Gallery
162,81,NULL - to be sourced from Wikimedia Commons/official site,2,Gallery
163,82,NULL - to be sourced from Wikimedia Commons/official site,1,Gallery
164,82,NULL - to be sourced from Wikimedia Commons/official site,2,Gallery
165,83,NULL - to be sourced from Wikimedia Commons/official site,1,Gallery
166,83,NULL - to be sourced from Wikimedia Commons/official site,2,Gallery
167,84,NULL - to be sourced from Wikimedia Commons/official site,1,Gallery
168,84,NULL - to be sourced from Wikimedia Commons/official site,2,Gallery
169,85,NULL - to be sourced from Wikimedia Commons/official site,1,Gallery
170,85,NULL - to be sourced from Wikimedia Commons/official site,2,Gallery
171,86,NULL - to be sourced from Wikimedia Commons/official site,1,Gallery
172,86,NULL - to be sourced from Wikimedia Commons/official site,2,Gallery
173,87,NULL - to be sourced from Wikimedia Commons/official site,1,Gallery
174,87,NULL - to be sourced from Wikimedia Commons/official site,2,Gallery
175,88,NULL - to be sourced from Wikimedia Commons/official site,1,Gallery
176,88,NULL - to be sourced from Wikimedia Commons/official site,2,Gallery
177,89,NULL - to be sourced from Wikimedia Commons/official site,1,Gallery
178,89,NULL - to be sourced from Wikimedia Commons/official site,2,Gallery
179,90,NULL - to be sourced from Wikimedia Commons/official site,1,Gallery
180,90,NULL - to be sourced from Wikimedia Commons/official site,2,Gallery
181,91,NULL - to be sourced from Wikimedia Commons/official site,1,Gallery
182,91,NULL - to be sourced from Wikimedia Commons/official site,2,Gallery
183,92,NULL - to be sourced from Wikimedia Commons/official site,1,Gallery
184,92,NULL - to be sourced from Wikimedia Commons/official site,2,Gallery
185,93,NULL - to be sourced from Wikimedia Commons/official site,1,Gallery
186,93,NULL - to be sourced from Wikimedia Commons/official site,2,Gallery
187,94,NULL - to be sourced from Wikimedia Commons/official site,1,Gallery
188,94,NULL - to be sourced from Wikimedia Commons/official site,2,Gallery
189,95,NULL - to be sourced from Wikimedia Commons/official site,1,Gallery
190,95,NULL - to be sourced from Wikimedia Commons/official site,2,Gallery
191,96,NULL - to be sourced from Wikimedia Commons/official site,1,Gallery
192,96,NULL - to be sourced from Wikimedia Commons/official site,2,Gallery
193,97,NULL - to be sourced from Wikimedia Commons/official site,1,Gallery
194,97,NULL - to be sourced from Wikimedia Commons/official site,2,Gallery
195,98,NULL - to be sourced from Wikimedia Commons/official site,1,Gallery
196,98,NULL - to be sourced from Wikimedia Commons/official site,2,Gallery
197,99,NULL - to be sourced from Wikimedia Commons/official site,1,Gallery
198,99,NULL - to be sourced from Wikimedia Commons/official site,2,Gallery
199,100,NULL - to be sourced from Wikimedia Commons/official site,1,Gallery
200,100,NULL - to be sourced from Wikimedia Commons/official site,2,Gallery
201,101,NULL - to be sourced from Wikimedia Commons/official site,1,Gallery
202,101,NULL - to be sourced from Wikimedia Commons/official site,2,Gallery
203,102,NULL - to be sourced from Wikimedia Commons/official site,1,Gallery
204,102,NULL - to be sourced from Wikimedia Commons/official site,2,Gallery
205,103,NULL - to be sourced from Wikimedia Commons/official site,1,Gallery
206,103,NULL - to be sourced from Wikimedia Commons/official site,2,Gallery
207,104,NULL - to be sourced from Wikimedia Commons/official site,1,Gallery
208,104,NULL - to be sourced from Wikimedia Commons/official site,2,Gallery
209,105,NULL - to be sourced from Wikimedia Commons/official site,1,Gallery
210,105,NULL - to be sourced from Wikimedia Commons/official site,2,Gallery
211,106,NULL - to be sourced from Wikimedia Commons/official site,1,Gallery
212,106,NULL - to be sourced from Wikimedia Commons/official site,2,Gallery
213,107,NULL - to be sourced from Wikimedia Commons/official site,1,Gallery
214,107,NULL - to be sourced from Wikimedia Commons/official site,2,Gallery
