id,full_name,email,phone,signup_date
1000,Aditi Gupta,user1000@example-test.invalid,+91-9213669678,2025-10-13
1001,Anika Menon,user1001@example-test.invalid,+91-9529979713,2024-12-30
1002,Aditi Gupta,user1002@example-test.invalid,+91-9433154770,2024-05-17
1003,Arjun Nair,user1003@example-test.invalid,+91-9457629711,2024-04-13
1004,Priya Verma,user1004@example-test.invalid,+91-9648127255,2024-09-09
1005,Isha Das,user1005@example-test.invalid,+91-9647556857,2025-12-03
1006,Diya Reddy,user1006@example-test.invalid,+91-9881017363,2024-03-03
1007,Rohan Nair,user1007@example-test.invalid,+91-9210385522,2026-01-21
1008,Sanjay Nair,user1008@example-test.invalid,+91-9286293158,2024-10-11
1009,Rohan Verma,user1009@example-test.invalid,+91-9290209201,2024-04-19
1010,Sneha Singh,user1010@example-test.invalid,+91-9910080036,2024-11-19
1011,Aman Singh,user1011@example-test.invalid,+91-9831361497,2024-11-18
1012,Riya Reddy,user1012@example-test.invalid,+91-9773469560,2025-07-31
1013,Rohan Singh,user1013@example-test.invalid,+91-9173321814,2025-02-24
1014,Rahul Patel,user1014@example-test.invalid,+91-9955052486,2025-09-11
1015,Aman Sharma,user1015@example-test.invalid,+91-9477895080,2025-01-16
1016,Aditi Patel,user1016@example-test.invalid,+91-9595792218,2025-03-14
1017,Vivaan Sharma,user1017@example-test.invalid,+91-9495928981,2024-02-19
1018,Meera Verma,user1018@example-test.invalid,+91-9792205349,2026-03-19
1019,Riya Menon,user1019@example-test.invalid,+91-9644459924,2025-05-22
1020,Rahul Menon,user1020@example-test.invalid,+91-9695192667,2024-03-31
1021,Vivaan Singh,user1021@example-test.invalid,+91-9969533218,2024-11-11
1022,Karan Reddy,user1022@example-test.invalid,+91-9749620068,2025-02-17
1023,Vikram Iyer,user1023@example-test.invalid,+91-9166436383,2025-03-15
1024,Isha Reddy,user1024@example-test.invalid,+91-9866990485,2026-03-25
1025,Vikram Iyer,user1025@example-test.invalid,+91-9142028540,2025-10-09
1026,Rahul Singh,user1026@example-test.invalid,+91-9662714327,2024-12-31
1027,Riya Iyer,user1027@example-test.invalid,+91-9490732457,2025-06-03
1028,Meera Gupta,user1028@example-test.invalid,+91-9538912794,2024-04-17
1029,Arjun Menon,user1029@example-test.invalid,+91-9156227043,2024-04-02
1030,Arjun Verma,user1030@example-test.invalid,+91-9454002758,2026-03-15
1031,Pooja Gupta,user1031@example-test.invalid,+91-9405100495,2025-10-04
1032,Riya Iyer,user1032@example-test.invalid,+91-9457944766,2026-03-28
1033,Aman Iyer,user1033@example-test.invalid,+91-9475617211,2025-08-06
1034,Kabir Iyer,user1034@example-test.invalid,+91-9738920648,2024-06-24
1035,Aditi Patel,user1035@example-test.invalid,+91-9700138002,2025-05-30
1036,Arjun Iyer,user1036@example-test.invalid,+91-9819532005,2024-06-30
1037,Vikram Verma,user1037@example-test.invalid,+91-9793663866,2024-08-02
1038,Anika Das,user1038@example-test.invalid,+91-9488509962,2026-06-01
1039,Diya Patel,user1039@example-test.invalid,+91-9293555835,2025-11-12
1040,Arjun Singh,user1040@example-test.invalid,+91-9306164050,2025-10-31
1041,Rohan Iyer,user1041@example-test.invalid,+91-9182855381,2025-08-21
1042,Isha Das,user1042@example-test.invalid,+91-9927720428,2024-12-14
1043,Vikram Sharma,user1043@example-test.invalid,+91-9810741110,2025-07-10
1044,Riya Iyer,user1044@example-test.invalid,+91-9741288486,2025-05-30
1045,Rohan Iyer,user1045@example-test.invalid,+91-9294181873,2024-02-19
1046,Riya Iyer,user1046@example-test.invalid,+91-9874364348,2025-03-28
1047,Vivaan Gupta,user1047@example-test.invalid,+91-9491163514,2024-07-27
1048,Neha Singh,user1048@example-test.invalid,+91-9755621841,2025-09-01
1049,Rahul Nair,user1049@example-test.invalid,+91-9673390109,2025-10-18
1050,Meera Singh,user1050@example-test.invalid,+91-9996696177,2025-12-03
1051,Diya Menon,user1051@example-test.invalid,+91-9573087862,2025-03-04
1052,Meera Gupta,user1052@example-test.invalid,+91-9639991949,2024-12-26
1053,Anika Iyer,user1053@example-test.invalid,+91-9977130288,2025-11-27
1054,Riya Iyer,user1054@example-test.invalid,+91-9368438908,2026-04-27
1055,Sneha Reddy,user1055@example-test.invalid,+91-9695433590,2026-03-06
1056,Vikram Verma,user1056@example-test.invalid,+91-9406084084,2026-03-26
1057,Priya Patel,user1057@example-test.invalid,+91-9582452834,2025-01-10
1058,Rohan Gupta,user1058@example-test.invalid,+91-9198476695,2025-11-04
1059,Rahul Reddy,user1059@example-test.invalid,+91-9128636900,2025-04-21
1060,Vivaan Gupta,user1060@example-test.invalid,+91-9639026034,2025-06-02
1061,Neha Gupta,user1061@example-test.invalid,+91-9187623171,2025-06-01
1062,Neha Sharma,user1062@example-test.invalid,+91-9442185272,2026-03-10
1063,Arjun Iyer,user1063@example-test.invalid,+91-9247746438,2026-05-11
1064,Meera Singh,user1064@example-test.invalid,+91-9847401602,2024-02-19
1065,Rohan Singh,user1065@example-test.invalid,+91-9581682167,2024-09-27
1066,Aarav Verma,user1066@example-test.invalid,+91-9120405269,2025-09-30
1067,Karan Iyer,user1067@example-test.invalid,+91-9689274064,2024-06-05
1068,Riya Das,user1068@example-test.invalid,+91-9554466340,2026-02-26
1069,Meera Nair,user1069@example-test.invalid,+91-9423358638,2026-02-15
1070,Vivaan Nair,user1070@example-test.invalid,+91-9550784243,2024-09-03
1071,Riya Singh,user1071@example-test.invalid,+91-9167438668,2026-02-26
1072,Sneha Menon,user1072@example-test.invalid,+91-9675583372,2026-06-03
1073,Vikram Menon,user1073@example-test.invalid,+91-9359779090,2024-06-14
1074,Rohan Patel,user1074@example-test.invalid,+91-9560891752,2026-06-18
1075,Riya Reddy,user1075@example-test.invalid,+91-9358303887,2024-11-12
1076,Anika Iyer,user1076@example-test.invalid,+91-9813363254,2024-08-04
1077,Aditi Das,user1077@example-test.invalid,+91-9487195336,2026-04-11
1078,Vikram Das,user1078@example-test.invalid,+91-9644738967,2024-04-05
1079,Vikram Das,user1079@example-test.invalid,+91-9121833792,2025-05-16
1080,Sneha Sharma,user1080@example-test.invalid,+91-9782546314,2025-05-19
1081,Diya Patel,user1081@example-test.invalid,+91-9902425085,2026-06-03
1082,Diya Verma,user1082@example-test.invalid,+91-9470228863,2025-10-16
1083,Isha Menon,user1083@example-test.invalid,+91-9889401015,2024-05-06
1084,Arjun Iyer,user1084@example-test.invalid,+91-9147605080,2025-06-24
1085,Pooja Reddy,user1085@example-test.invalid,+91-9973498494,2024-08-30
1086,Priya Singh,user1086@example-test.invalid,+91-9846668526,2025-02-14
1087,Priya Iyer,user1087@example-test.invalid,+91-9167753684,2024-06-16
1088,Rahul Sharma,user1088@example-test.invalid,+91-9415081566,2025-11-25
1089,Vivaan Nair,user1089@example-test.invalid,+91-9144996163,2025-07-31
1090,Meera Das,user1090@example-test.invalid,+91-9527589822,2024-03-07
1091,Pooja Singh,user1091@example-test.invalid,+91-9371993587,2026-05-13
1092,Karan Patel,user1092@example-test.invalid,+91-9483298103,2024-04-11
1093,Vivaan Reddy,user1093@example-test.invalid,+91-9393364102,2026-02-12
1094,Diya Gupta,user1094@example-test.invalid,+91-9529520110,2024-05-19
1095,Rahul Gupta,user1095@example-test.invalid,+91-9464037804,2025-12-10
1096,Sneha Singh,user1096@example-test.invalid,+91-9494435754,2024-03-25
1097,Vikram Patel,user1097@example-test.invalid,+91-9960226208,2026-03-27
1098,Anika Verma,user1098@example-test.invalid,+91-9562360908,2024-10-11
1099,Priya Das,user1099@example-test.invalid,+91-9415429295,2025-07-26
1100,Isha Verma,user1100@example-test.invalid,+91-9452101316,2024-08-12
1101,Meera Patel,user1101@example-test.invalid,+91-9578798403,2024-10-10
1102,Anika Iyer,user1102@example-test.invalid,+91-9840629322,2025-03-22
1103,Diya Singh,user1103@example-test.invalid,+91-9145478504,2024-06-05
1104,Diya Menon,user1104@example-test.invalid,+91-9567013808,2025-09-11
1105,Vivaan Verma,user1105@example-test.invalid,+91-9820678212,2024-09-05
1106,Kabir Reddy,user1106@example-test.invalid,+91-9650921917,2024-03-21
1107,Priya Sharma,user1107@example-test.invalid,+91-9253308283,2024-02-01
1108,Riya Singh,user1108@example-test.invalid,+91-9137365109,2026-02-10
1109,Aditi Nair,user1109@example-test.invalid,+91-9935924516,2024-08-28
1110,Diya Reddy,user1110@example-test.invalid,+91-9511086777,2024-11-16
1111,Vivaan Menon,user1111@example-test.invalid,+91-9264752975,2024-07-24
1112,Rahul Reddy,user1112@example-test.invalid,+91-9499446327,2025-03-22
1113,Aditi Menon,user1113@example-test.invalid,+91-9247848992,2024-12-24
1114,Diya Gupta,user1114@example-test.invalid,+91-9437568796,2024-08-23
1115,Sanjay Nair,user1115@example-test.invalid,+91-9221814525,2026-05-24
1116,Priya Singh,user1116@example-test.invalid,+91-9655924752,2025-05-19
1117,Pooja Verma,user1117@example-test.invalid,+91-9381080560,2024-04-17
1118,Sanjay Singh,user1118@example-test.invalid,+91-9330393232,2024-10-01
1119,Meera Singh,user1119@example-test.invalid,+91-9314939857,2026-02-14
1120,Rohan Verma,user1120@example-test.invalid,+91-9585377142,2025-12-25
1121,Rahul Verma,user1121@example-test.invalid,+91-9970281936,2024-07-21
1122,Arjun Reddy,user1122@example-test.invalid,+91-9861863296,2026-04-14
1123,Pooja Das,user1123@example-test.invalid,+91-9411774120,2025-08-16
1124,Priya Iyer,user1124@example-test.invalid,+91-9952225000,2025-06-14
1125,Vikram Nair,user1125@example-test.invalid,+91-9230311939,2025-11-26
1126,Rohan Nair,user1126@example-test.invalid,+91-9948656610,2025-01-30
1127,Aarav Reddy,user1127@example-test.invalid,+91-9694875990,2024-11-10
1128,Diya Singh,user1128@example-test.invalid,+91-9962925204,2024-12-02
1129,Rohan Menon,user1129@example-test.invalid,+91-9192573170,2026-04-13
1130,Meera Gupta,user1130@example-test.invalid,+91-9869801588,2024-06-13
1131,Sneha Das,user1131@example-test.invalid,+91-9541087900,2024-04-23
1132,Anika Menon,user1132@example-test.invalid,+91-9179189225,2026-02-11
1133,Arjun Verma,user1133@example-test.invalid,+91-9583156434,2025-02-27
1134,Vikram Reddy,user1134@example-test.invalid,+91-9237798236,2024-02-22
1135,Pooja Menon,user1135@example-test.invalid,+91-9295381429,2024-04-24
1136,Rohan Gupta,user1136@example-test.invalid,+91-9639945876,2026-04-24
1137,Isha Das,user1137@example-test.invalid,+91-9264299106,2025-08-12
1138,Priya Iyer,user1138@example-test.invalid,+91-9446454337,2024-06-23
1139,Neha Reddy,user1139@example-test.invalid,+91-9657162259,2025-09-02
1140,Aditi Patel,user1140@example-test.invalid,+91-9310777576,2024-09-07
1141,Pooja Patel,user1141@example-test.invalid,+91-9234400576,2024-09-17
1142,Meera Menon,user1142@example-test.invalid,+91-9672817675,2026-03-16
1143,Vikram Iyer,user1143@example-test.invalid,+91-9735449477,2024-11-02
1144,Rohan Iyer,user1144@example-test.invalid,+91-9807309035,2024-09-18
1145,Riya Reddy,user1145@example-test.invalid,+91-9705180256,2026-05-08
1146,Aarav Verma,user1146@example-test.invalid,+91-9148814238,2024-09-01
1147,Aman Patel,user1147@example-test.invalid,+91-9799145494,2025-11-16
1148,Aman Gupta,user1148@example-test.invalid,+91-9763688866,2024-09-03
1149,Aarav Singh,user1149@example-test.invalid,+91-9773412230,2024-12-08
